label,title,run_id,category,mode,state,started,finished,wns_ns,tns_ns,setup_failing_endpoints,whs_ns,hold_failing_endpoints,amf_seconds,vivado_seconds,open_seconds,import_seconds,place_seconds,route_seconds,wall_seconds,other_seconds,strict_import_verified,amf_export_complete,implementation_verified,timing_met,loc_bel_retention,shared_y2x_ratio,sa_ratio_override,sa_ratio_effective,amf_clock_period_ns,vivado_ap_clk_ns,amf_jobs,vivado_version,vivado_threads,source_commit,binary,binary_sha256,input_dcp_sha256,final_dcp,final_dcp_bytes,final_dcp_recorded_sha256,placed_dcp,partial_dcp,stage_exit_codes,notes,server_run_path
,早期适配/专项验证,getrf-u250-resources-20260926-143230-527023,auxiliary,早期适配/专项验证,failed,2026-09-26T14:32:30.710874+08:00,2026-09-26T14:34:24.795624+08:00,,,,,,,114.08453660318628,,,,,114.08475,,,,,,,,,,,,,,,35e9dcfdf10a165e996b2cd1f5bdbb045bfb6fa7,,,6283aa4874b42d939a2b00e53cce77574fa03a26f45914364ab9ca632b42c031,,,,,,,硬资源导入后，审计未处理 URAM BEL 的类型前缀而失败；不是资源放置错误的证据。,/Projects/jinyang/workspace/AMFplacer3.0/experiments/runs/getrf-u250-resources-20260926-143230-527023
,早期适配/专项验证,getrf-u250-resources-20260926-143933-202523,auxiliary,早期适配/专项验证,completed,2026-09-26T14:39:33.389694+08:00,2026-09-26T14:42:32.923094+08:00,,,,,,,179.53267968725413,,,,,179.5334,,,,,,,,,,,10,,,,35e9dcfdf10a165e996b2cd1f5bdbb045bfb6fa7,,,6283aa4874b42d939a2b00e53cce77574fa03a26f45914364ab9ca632b42c031,,,,,/Projects/jinyang/workspace/AMFplacer3.0/experiments/runs/getrf-u250-resources-20260926-143933-202523/reports/getrf_hard_resources_partial.dcp,,硬资源验证通过，26096 个单元 LOC/SLR 匹配；仅部分资源 DCP。,/Projects/jinyang/workspace/AMFplacer3.0/experiments/runs/getrf-u250-resources-20260926-143933-202523
,早期适配/专项验证,getrf-u250-full-20260926-150155-081308,incomplete,早期适配/专项验证,failed,2026-09-26T15:01:55.335150+08:00,2026-09-26T15:04:49.501447+08:00,,,,,,174.16054806113243,,,,,,174.166297,,,,,,,0.4,,0.32000000000000006,10,,8,,,fbebbe04c28f57a1f03c4e1587c9bd90d9a006c9,/Projects/jinyang/workspace/AMFplacer3.0/builds/build-20260926-145958-730571-fbebbe04/build/AMFPlacer,7e6ca66efcb6c089aa89c1150557073b162095ec17903a908eb01cdf9684091c,6283aa4874b42d939a2b00e53cce77574fa03a26f45914364ab9ca632b42c031,,,,,,amf=-15,无固定 I/O 种子，聚类初始化不退出，主动停止。,/Projects/jinyang/workspace/AMFplacer3.0/experiments/runs/getrf-u250-full-20260926-150155-081308
,早期适配/专项验证,getrf-u250-full-20260926-150648-975751,incomplete,早期适配/专项验证,failed,2026-09-26T15:06:49.232947+08:00,2026-09-26T15:13:51.477192+08:00,,,,,,422.2381420000456,,,,,,422.244245,,,,,,,0.4,,0.32000000000000006,10,,8,,,fbebbe04c28f57a1f03c4e1587c9bd90d9a006c9,/Projects/jinyang/workspace/AMFplacer3.0/builds/build-20260926-150449-133571-fbebbe04/build/AMFPlacer,4110bf7a3c265a3503fe2353c34e6b58648495cddb7a189c6e05edc6d7a46a10,6283aa4874b42d939a2b00e53cce77574fa03a26f45914364ab9ca632b42c031,,,,,,amf=-6,SRL 资源分类/密度网格断言失败。,/Projects/jinyang/workspace/AMFplacer3.0/experiments/runs/getrf-u250-full-20260926-150648-975751
,早期适配/专项验证,getrf-u250-packing-20260926-151115-924561,auxiliary,早期适配/专项验证,completed,2026-09-26T15:11:16.291462+08:00,,,,,,,35.505075997207314,,,,,,,,,,,,,0.4,,0.32000000000000006,10,,8,,,fbebbe04c28f57a1f03c4e1587c9bd90d9a006c9,/Projects/jinyang/workspace/AMFplacer3.0/builds/build-20260926-150449-133571-fbebbe04/build/AMFPlacer,4110bf7a3c265a3503fe2353c34e6b58648495cddb7a189c6e05edc6d7a46a10,6283aa4874b42d939a2b00e53cce77574fa03a26f45914364ab9ca632b42c031,,,,,,amf=0,仅初始打包：198 个 SRL/MUX 宏、594 个真实单元；非完整 placement。,/Projects/jinyang/workspace/AMFplacer3.0/experiments/runs/getrf-u250-packing-20260926-151115-924561
,早期适配/专项验证,getrf-u250-srl-audit-20260926-151231-308935,auxiliary,早期适配/专项验证,completed,,,,,,,,,89.44804398389533,,,,,,,,,,,,,,,,,,,,fbebbe04c28f57a1f03c4e1587c9bd90d9a006c9,,,,,,,,,,Vivado 局部 SRL/MUX 验证：594/594 LOC/BEL 全匹配；未写出最终 DCP。,/Projects/jinyang/workspace/AMFplacer3.0/experiments/runs/getrf-u250-srl-audit-20260926-151231-308935
,早期适配/专项验证,getrf-u250-full-20260926-151909-521419,incomplete,早期适配/专项验证,failed,2026-09-26T15:19:09.779199+08:00,2026-09-26T16:10:27.500244+08:00,,,,,,3077.712360170204,,,,,,3077.721045,,,,,,,0.4,,0.32000000000000006,10,,8,,,fbebbe04c28f57a1f03c4e1587c9bd90d9a006c9,/Projects/jinyang/workspace/AMFplacer3.0/builds/build-20260926-151740-456314-fbebbe04/build/AMFPlacer,a3c4833abf2d1ce6410785bac10258040bc657e2ece09d33f119a6f27a5ae56c,6283aa4874b42d939a2b00e53cce77574fa03a26f45914364ab9ca632b42c031,,,,,,amf=-6,完成布局打包，但 DumpCLBPacking 路径重复拼接导致导出失败。,/Projects/jinyang/workspace/AMFplacer3.0/experiments/runs/getrf-u250-full-20260926-151909-521419
,早期适配/专项验证,getrf-u250-full-20260926-161904-089708,incomplete,早期适配/专项验证,failed,2026-09-26T16:19:04.349561+08:00,2026-09-26T16:34:32.972674+08:00,,,,,,928.6145857148804,,,,,,928.623113,,,,,,,0.4,,0.32000000000000006,10,,8,,,fbebbe04c28f57a1f03c4e1587c9bd90d9a006c9,/Projects/jinyang/workspace/AMFplacer3.0/builds/build-20260926-151740-456314-fbebbe04/build/AMFPlacer,a3c4833abf2d1ce6410785bac10258040bc657e2ece09d33f119a6f27a5ae56c,6283aa4874b42d939a2b00e53cce77574fa03a26f45914364ab9ca632b42c031,,,,,,amf=-15,DirectMacroLegalize 导致大幅反复位移，主动停止。,/Projects/jinyang/workspace/AMFplacer3.0/experiments/runs/getrf-u250-full-20260926-161904-089708
,早期适配/专项验证,getrf-u250-full-20260926-163444-325508,incomplete,早期适配/专项验证,failed,2026-09-26T16:34:44.574769+08:00,2026-09-26T16:55:52.340810+08:00,,,,,,1267.7556712818332,,,,,,1267.766041,,,,,,,0.4,,0.32000000000000006,10,,8,,,fbebbe04c28f57a1f03c4e1587c9bd90d9a006c9,/Projects/jinyang/workspace/AMFplacer3.0/builds/build-20260926-151740-456314-fbebbe04/build/AMFPlacer,a3c4833abf2d1ce6410785bac10258040bc657e2ece09d33f119a6f27a5ae56c,6283aa4874b42d939a2b00e53cce77574fa03a26f45914364ab9ca632b42c031,,,,,,amf=-15,分数列预算取整为 0，合法化无进展，主动停止。,/Projects/jinyang/workspace/AMFplacer3.0/experiments/runs/getrf-u250-full-20260926-163444-325508
,早期适配/专项验证,getrf-u250-full-20260926-170252-047980,incomplete,早期适配/专项验证,failed,2026-09-26T17:02:52.315510+08:00,2026-09-26T17:29:16.430704+08:00,,,,,,1584.1059254156426,,,,,,1584.115194,,,,,,,0.4,,0.32000000000000006,10,,8,,,fbebbe04c28f57a1f03c4e1587c9bd90d9a006c9,/Projects/jinyang/workspace/AMFplacer3.0/builds/build-20260926-165756-043079-fbebbe04/build/AMFPlacer,8522134c84c928e82ceeb358100d69e71b71ba7d5d2c273304f8cc8d47bdecb0,6283aa4874b42d939a2b00e53cce77574fa03a26f45914364ab9ca632b42c031,,,,,,amf=2,减少前期迭代至 9 后末段 QP 发散，出现 NaN，退出 2。,/Projects/jinyang/workspace/AMFplacer3.0/experiments/runs/getrf-u250-full-20260926-170252-047980
R01,早期导出不完整诊断,getrf-u250-full-20260926-173107-822886,routed,早期适配/专项验证,completed,2026-09-26T17:31:08.088756+08:00,2026-09-26T20:38:39.112967+08:00,-2.872,-1376.263,2520,0.019,0,3125.9383799270727,8092.914636504371,75.828,1709.755,1066.314,4822.969,11251.024211,2235.802831072927,,False,False,False,0.9978870172972734,0.4,,0.32000000000000006,10,10,8,2024.2,4,fbebbe04c28f57a1f03c4e1587c9bd90d9a006c9,/Projects/jinyang/workspace/AMFplacer3.0/builds/build-20260926-165756-043079-fbebbe04/build/AMFPlacer,8522134c84c928e82ceeb358100d69e71b71ba7d5d2c273304f8cc8d47bdecb0,6283aa4874b42d939a2b00e53cce77574fa03a26f45914364ab9ca632b42c031,/Projects/jinyang/workspace/AMFplacer3.0/experiments/runs/getrf-u250-full-20260926-173107-822886/reports/getrf_routed.dcp,389450202,cbd8932a709e9fe559519aa3625f683ff852d7026d3c85dc00ae13a33a74d28d,/Projects/jinyang/workspace/AMFplacer3.0/experiments/runs/getrf-u250-full-20260926-173107-822886/reports/getrf_placed.dcp,,amf=0; vivado=0,缺少 298 个 MUXF7、91 个 MUXF8 的 BEL 导出；后端虽布通，AMF 完整性验收未通过。,/Projects/jinyang/workspace/AMFplacer3.0/experiments/runs/getrf-u250-full-20260926-173107-822886
R02,首次完整 U250 基线,getrf-u250-full-20260926-183758-400040,routed,早期适配/专项验证,completed,2026-09-26T18:37:58.656073+08:00,2026-09-26T22:27:39.714356+08:00,-2.886,-811.808,1744,0.019,0,3411.1060422691517,10328.06678685313,80.944,1721.207,940.697,7163.717,13781.058283,2265.538240730849,,True,True,False,0.9978553042130787,0.4,,0.32000000000000006,10,10,8,2024.2,4,fbebbe04c28f57a1f03c4e1587c9bd90d9a006c9,/Projects/jinyang/workspace/AMFplacer3.0/builds/build-20260926-183632-669176-fbebbe04/build/AMFPlacer,c2e3fddc6cb89c56bd9cc67b33b17011fb29b5d1c3ab0b23e382d6299b7f6df8,6283aa4874b42d939a2b00e53cce77574fa03a26f45914364ab9ca632b42c031,/Projects/jinyang/workspace/AMFplacer3.0/experiments/runs/getrf-u250-full-20260926-183758-400040/reports/getrf_routed.dcp,389780549,e14f4710711e1b45d2842948a9a48035f225ab7c1b818477a51afc72a59e48a9,/Projects/jinyang/workspace/AMFplacer3.0/experiments/runs/getrf-u250-full-20260926-183758-400040/reports/getrf_placed.dcp,,amf=0; vivado=0,完整导出并布通；仍由 Vivado 修复少量未接受位置，setup 未收敛。,/Projects/jinyang/workspace/AMFplacer3.0/experiments/runs/getrf-u250-full-20260926-183758-400040
,早期适配/专项验证,getrf-u250-route-altclb-20260926-213914-179421,auxiliary,早期适配/专项验证,stopped,2026-09-26T21:39:14.253849+08:00,2026-09-26T22:30:27.664413+08:00,,,,,,,3073.2560997698456,131.793,,,,3073.410564,,,,,,,0.4,,0.32000000000000006,10,10,8,2024.2,4,5755fe7a0087c6212c0bd40688549e3dc09d256d,,,,,,,,,vivado_route_retry=143,复用已布局 DCP，尝试 AlternateCLBRouting；默认流程成功后主动停止，未完成路由。,/Projects/jinyang/workspace/AMFplacer3.0/experiments/runs/getrf-u250-route-altclb-20260926-213914-179421
,cluster,getrf-u250-full-20260927-030230-487935,incomplete,cluster,cancelled,2026-09-27T03:02:30.827617+08:00,2026-09-27T03:07:48.054917+08:00,,,,,,,,,,,,317.2273,,,,,,,0.4,,0.32000000000000006,10,,8,,,9ddf809f22147ee887ff800ac3927cbee8bb9523,/Projects/jinyang/workspace/AMFplacer3.0/builds/build-20260927-025737-506891-c54011dd/build/AMFPlacer,dbe3d0ea030d668b399346204fba1bf3b186fd1420c0983e171bf64a6fe30226,6283aa4874b42d939a2b00e53cce77574fa03a26f45914364ab9ca632b42c031,,,,,,,RAMB36 与虚拟 RAMB18 占位重复计数，三组主动停止并统一修正。,/Projects/jinyang/workspace/AMFplacer3.0/experiments/runs/getrf-u250-full-20260927-030230-487935
,control,getrf-u250-full-20260927-030230-490881,incomplete,control,cancelled,2026-09-27T03:02:30.831561+08:00,2026-09-27T03:07:48.054917+08:00,,,,,,,,,,,,317.223356,,,,,,,0.4,,0.32000000000000006,10,,8,,,9ddf809f22147ee887ff800ac3927cbee8bb9523,/Projects/jinyang/workspace/AMFplacer3.0/builds/build-20260927-025737-506891-c54011dd/build/AMFPlacer,dbe3d0ea030d668b399346204fba1bf3b186fd1420c0983e171bf64a6fe30226,6283aa4874b42d939a2b00e53cce77574fa03a26f45914364ab9ca632b42c031,,,,,,,RAMB36 与虚拟 RAMB18 占位重复计数，三组主动停止并统一修正。,/Projects/jinyang/workspace/AMFplacer3.0/experiments/runs/getrf-u250-full-20260927-030230-490881
,delay,getrf-u250-full-20260927-030230-491096,incomplete,delay,cancelled,2026-09-27T03:02:30.831566+08:00,2026-09-27T03:07:48.054917+08:00,,,,,,,,,,,,317.223351,,,,,,,0.4,,0.32000000000000006,10,,8,,,9ddf809f22147ee887ff800ac3927cbee8bb9523,/Projects/jinyang/workspace/AMFplacer3.0/builds/build-20260927-025737-506891-c54011dd/build/AMFPlacer,dbe3d0ea030d668b399346204fba1bf3b186fd1420c0983e171bf64a6fe30226,6283aa4874b42d939a2b00e53cce77574fa03a26f45914364ab9ca632b42c031,,,,,,,RAMB36 与虚拟 RAMB18 占位重复计数，三组主动停止并统一修正。,/Projects/jinyang/workspace/AMFplacer3.0/experiments/runs/getrf-u250-full-20260927-030230-491096
,delay,getrf-u250-full-20260927-032031-594456,incomplete,delay,cancelled,2026-09-27T03:20:31.931141+08:00,2026-09-27T04:00:09.228503+08:00,,,,,,,,,,,,2377.297362,,,,,,,0.4,,0.32000000000000006,10,,8,,,a71b61c96fddde2e11e9b4a45ce69037b758a735,/Projects/jinyang/workspace/AMFplacer3.0/builds/build-20260927-031245-945274-acc3123f/build/AMFPlacer,c6d7edae6e155640c94a5ef43a2794dfb779df2fa98e15c9454beed41a1ce5ee,6283aa4874b42d939a2b00e53cce77574fa03a26f45914364ab9ca632b42c031,,,,,,,control 出现 NaN 后，停止本组，以相同数值保护重新运行。,/Projects/jinyang/workspace/AMFplacer3.0/experiments/runs/getrf-u250-full-20260927-032031-594456
,cluster,getrf-u250-full-20260927-032031-595260,incomplete,cluster,cancelled,2026-09-27T03:20:31.931149+08:00,2026-09-27T04:00:09.228503+08:00,,,,,,,,,,,,2377.297354,,,,,,,0.4,,0.32000000000000006,10,,8,,,a71b61c96fddde2e11e9b4a45ce69037b758a735,/Projects/jinyang/workspace/AMFplacer3.0/builds/build-20260927-031245-945274-acc3123f/build/AMFPlacer,c6d7edae6e155640c94a5ef43a2794dfb779df2fa98e15c9454beed41a1ce5ee,6283aa4874b42d939a2b00e53cce77574fa03a26f45914364ab9ca632b42c031,,,,,,,control 出现 NaN 后，停止本组，以相同数值保护重新运行。,/Projects/jinyang/workspace/AMFplacer3.0/experiments/runs/getrf-u250-full-20260927-032031-595260
,control,getrf-u250-full-20260927-032031-594482,incomplete,control,failed,2026-09-27T03:20:31.931152+08:00,2026-09-27T03:53:57.459689+08:00,,,,,,2005.5251497621648,,,,,,2005.528537,,,,,,,0.4,,0.32000000000000006,10,,8,,,a71b61c96fddde2e11e9b4a45ce69037b758a735,/Projects/jinyang/workspace/AMFplacer3.0/builds/build-20260927-031245-945274-acc3123f/build/AMFPlacer,c6d7edae6e155640c94a5ef43a2794dfb779df2fa98e15c9454beed41a1ce5ee,6283aa4874b42d939a2b00e53cce77574fa03a26f45914364ab9ca632b42c031,,,,,,amf=2,时序权重过大导致 QP 坐标 NaN，control 失败；另两组随之停止统一修复。,/Projects/jinyang/workspace/AMFplacer3.0/experiments/runs/getrf-u250-full-20260927-032031-594482
,control,getrf-u250-full-20260927-041344-552357,incomplete,control,cancelled,2026-09-27T04:13:44.884345+08:00,,,,,,,,,,,,,,,,,,,,0.4,,0.32000000000000006,10,,8,,,9d92c0b68ac567dd13f7b5c5070d9d0f861b2f56,/Projects/jinyang/workspace/AMFplacer3.0/builds/build-20260927-040853-711621-4a9afc6f/build/AMFPlacer,5d917544cff902b66c1ad5befe2af6d8666d5f7d8abf0df123c9b428b5483e17,6283aa4874b42d939a2b00e53cce77574fa03a26f45914364ab9ca632b42c031,,,,,,,首轮 QP 装配性能问题，主动停止改为一次性稀疏装配；缺少结束时间。,/Projects/jinyang/workspace/AMFplacer3.0/experiments/runs/getrf-u250-full-20260927-041344-552357
,cluster,getrf-u250-full-20260927-041344-557157,incomplete,cluster,cancelled,2026-09-27T04:13:44.884345+08:00,,,,,,,,,,,,,,,,,,,,0.4,,0.32000000000000006,10,,8,,,9d92c0b68ac567dd13f7b5c5070d9d0f861b2f56,/Projects/jinyang/workspace/AMFplacer3.0/builds/build-20260927-040853-711621-4a9afc6f/build/AMFPlacer,5d917544cff902b66c1ad5befe2af6d8666d5f7d8abf0df123c9b428b5483e17,6283aa4874b42d939a2b00e53cce77574fa03a26f45914364ab9ca632b42c031,,,,,,,首轮 QP 装配性能问题，主动停止改为一次性稀疏装配；缺少结束时间。,/Projects/jinyang/workspace/AMFplacer3.0/experiments/runs/getrf-u250-full-20260927-041344-557157
,delay,getrf-u250-full-20260927-041344-564377,incomplete,delay,cancelled,2026-09-27T04:13:44.892519+08:00,,,,,,,,,,,,,,,,,,,,0.4,,0.32000000000000006,10,,8,,,9d92c0b68ac567dd13f7b5c5070d9d0f861b2f56,/Projects/jinyang/workspace/AMFplacer3.0/builds/build-20260927-040853-711621-4a9afc6f/build/AMFPlacer,5d917544cff902b66c1ad5befe2af6d8666d5f7d8abf0df123c9b428b5483e17,6283aa4874b42d939a2b00e53cce77574fa03a26f45914364ab9ca632b42c031,,,,,,,首轮 QP 装配性能问题，主动停止改为一次性稀疏装配；缺少结束时间。,/Projects/jinyang/workspace/AMFplacer3.0/experiments/runs/getrf-u250-full-20260927-041344-564377
,control,getrf-u250-full-20260927-041854-078213,incomplete,control,failed,2026-09-27T04:18:54.416528+08:00,2026-09-27T06:38:41.081583+08:00,,,,,,5459.649074813351,2880.344952669926,93.225,2047.722,,,8386.665055,,,,,,,0.4,,0.32000000000000006,10,10,8,2024.2,4,7427f87bf4f7e65396cbea9745f0ca2b3be17dd0,/Projects/jinyang/workspace/AMFplacer3.0/builds/build-20260927-041750-934343-7427f87b/build/AMFPlacer,14eeac6ed755c26099b121157030ca699433107e3165de80bc9d6408ab88ca74,6283aa4874b42d939a2b00e53cce77574fa03a26f45914364ab9ca632b42c031,,,,,,amf=0; vivado=143,AMF 已完成；为统一构建重跑三组，主动停止旧后端并释放资源。,/Projects/jinyang/workspace/AMFplacer3.0/experiments/runs/getrf-u250-full-20260927-041854-078213
,cluster,getrf-u250-full-20260927-041854-079412,incomplete,cluster,failed,2026-09-27T04:18:54.416529+08:00,2026-09-27T06:34:59.096226+08:00,,,,,,8164.676138222683,,,,,,8164.679697,,,,,,,0.4,,0.32000000000000006,10,,8,,,7427f87bf4f7e65396cbea9745f0ca2b3be17dd0,/Projects/jinyang/workspace/AMFplacer3.0/builds/build-20260927-041750-934343-7427f87b/build/AMFPlacer,14eeac6ed755c26099b121157030ca699433107e3165de80bc9d6408ab88ca74,6283aa4874b42d939a2b00e53cce77574fa03a26f45914364ab9ca632b42c031,,,,,,amf=-15,3774 个 PU 打包停滞；定位遗留硬时钟列筛选后主动停止。,/Projects/jinyang/workspace/AMFplacer3.0/experiments/runs/getrf-u250-full-20260927-041854-079412
,delay,getrf-u250-full-20260927-041854-083355,incomplete,delay,failed,2026-09-27T04:18:54.416535+08:00,2026-09-27T06:38:41.113509+08:00,,,,,,5410.10808809381,2929.158674951177,90.26,1986.359,,,8386.696974,,,,,,,0.4,,0.32000000000000006,10,10,8,2024.2,4,7427f87bf4f7e65396cbea9745f0ca2b3be17dd0,/Projects/jinyang/workspace/AMFplacer3.0/builds/build-20260927-041750-934343-7427f87b/build/AMFPlacer,14eeac6ed755c26099b121157030ca699433107e3165de80bc9d6408ab88ca74,6283aa4874b42d939a2b00e53cce77574fa03a26f45914364ab9ca632b42c031,,,,,,amf=0; vivado=143,AMF 已完成；为统一构建重跑三组，主动停止旧后端并释放资源。,/Projects/jinyang/workspace/AMFplacer3.0/experiments/runs/getrf-u250-full-20260927-041854-083355
R03,control：旧 X 修正＋SLR 惩罚,getrf-u250-full-20260927-063459-912642,routed,control,completed,2026-09-27T06:35:00.327823+08:00,2026-09-27T10:10:40.964968+08:00,-0.137,-1.708,36,0.021,0,5531.142338540871,7322.094000902027,93.639,1744.825,1091.598,3548.44,12940.637145,2769.45680645913,,True,True,False,0.9980280000653444,0.4,,0.32000000000000006,10,10,8,2024.2,4,49ac3e58ed6a201b60cd904ad293e32c24053698,/Projects/jinyang/workspace/AMFplacer3.0/builds/build-20260927-063221-904893-7a7b5d8b/build/AMFPlacer,47e7ba44fac7ac0c5499bbdb2500b100a47323d1a0477cd0b9622659d579ac17,6283aa4874b42d939a2b00e53cce77574fa03a26f45914364ab9ca632b42c031,/Projects/jinyang/workspace/AMFplacer3.0/experiments/runs/getrf-u250-full-20260927-063459-912642/reports/getrf_routed.dcp,393267458,13a2d5c56b43c2fa1f1d63cc9935e1eb949bbe7be05cb1b90b9cb090f9460d44,/Projects/jinyang/workspace/AMFplacer3.0/experiments/runs/getrf-u250-full-20260927-063459-912642/reports/getrf_placed.dcp,,amf=0; vivado=0,已完成完整布局布线；时序、合法性和导入验收分别记录。,/Projects/jinyang/workspace/AMFplacer3.0/experiments/runs/getrf-u250-full-20260927-063459-912642
R05,cluster：边界延迟＋二维聚拢,getrf-u250-full-20260927-063459-912759,routed,cluster,completed,2026-09-27T06:35:00.327824+08:00,2026-09-27T11:20:12.362837+08:00,-0.059,-0.072,2,0.023,0,6708.648025547154,10329.046448975801,78.439,1845.386,981.574,6807.927,17112.035013,2613.885987452846,,True,True,False,0.9978191314332122,0.4,,0.32000000000000006,10,10,8,2024.2,4,49ac3e58ed6a201b60cd904ad293e32c24053698,/Projects/jinyang/workspace/AMFplacer3.0/builds/build-20260927-063221-904893-7a7b5d8b/build/AMFPlacer,47e7ba44fac7ac0c5499bbdb2500b100a47323d1a0477cd0b9622659d579ac17,6283aa4874b42d939a2b00e53cce77574fa03a26f45914364ab9ca632b42c031,/Projects/jinyang/workspace/AMFplacer3.0/experiments/runs/getrf-u250-full-20260927-063459-912759/reports/getrf_routed.dcp,380533451,7381d1fbfdb720c44604cacf6d1bacc9664f9d3d60177abcc5c00136685c6cb1,/Projects/jinyang/workspace/AMFplacer3.0/experiments/runs/getrf-u250-full-20260927-063459-912759/reports/getrf_placed.dcp,,amf=0; vivado=0,已完成完整布局布线；时序、合法性和导入验收分别记录。,/Projects/jinyang/workspace/AMFplacer3.0/experiments/runs/getrf-u250-full-20260927-063459-912759
R04,delay：物理边界延迟,getrf-u250-full-20260927-063459-913333,routed,delay,completed,2026-09-27T06:35:00.327824+08:00,2026-09-27T10:24:51.302708+08:00,0.003,0,0,0.019,0,5467.487684278283,8237.22430202784,89.565,1750.966,944.37,4762.925,13790.974884,2616.192199721716,,True,True,True,0.997922982317345,0.4,,0.32000000000000006,10,10,8,2024.2,4,49ac3e58ed6a201b60cd904ad293e32c24053698,/Projects/jinyang/workspace/AMFplacer3.0/builds/build-20260927-063221-904893-7a7b5d8b/build/AMFPlacer,47e7ba44fac7ac0c5499bbdb2500b100a47323d1a0477cd0b9622659d579ac17,6283aa4874b42d939a2b00e53cce77574fa03a26f45914364ab9ca632b42c031,/Projects/jinyang/workspace/AMFplacer3.0/experiments/runs/getrf-u250-full-20260927-063459-913333/reports/getrf_routed.dcp,378690560,b783fb2ff743f810f9a7c8d106ac39226ec53ea2decfabc560b303d1c48cadb5,/Projects/jinyang/workspace/AMFplacer3.0/experiments/runs/getrf-u250-full-20260927-063459-913333/reports/getrf_placed.dcp,,amf=0; vivado=0,已完成完整布局布线；时序、合法性和导入验收分别记录。,/Projects/jinyang/workspace/AMFplacer3.0/experiments/runs/getrf-u250-full-20260927-063459-913333
,delay,getrf-u250-packing-20260927-124630-816660,auxiliary,delay,completed,2026-09-27T12:46:31.148280+08:00,,,,,,,32.77644792897627,,,,,,,,,,,,,0.4,,0.32000000000000006,10,,8,,,a2a94a48aeed6a4e56c572441574b07c586121ef,/Projects/jinyang/workspace/AMFplacer3.0/builds/build-20260927-124444-562943-a2a94a48/build/AMFPlacer,6df3ac4639cc63f83b486d5b75b75bf5a592756d143ba51963c10192b4e5586e,6283aa4874b42d939a2b00e53cce77574fa03a26f45914364ab9ca632b42c031,,,,,,amf=0,仅初始打包：CLB 修复后的完整输入检查；非完整 placement。,/Projects/jinyang/workspace/AMFplacer3.0/experiments/runs/getrf-u250-packing-20260927-124630-816660
R06,严格导入修复后 delay,getrf-u250-full-20260927-125004-730657,routed,delay,completed,2026-09-27T12:50:05.052474+08:00,2026-09-27T15:17:58.542389+08:00,0.111,0,0,0.023,0,4114.2100130608305,4681.18085516477,87.269,737.461,218.852,2887.873,8873.489915,1652.5549019391697,True,True,True,True,1,0.4,,0.32000000000000006,10,10,8,2024.2,4,1f496daf5b4a3f122c88ac2e3b091871d546df4a,/Projects/jinyang/workspace/AMFplacer3.0/builds/build-20260927-124444-562943-a2a94a48/build/AMFPlacer,6df3ac4639cc63f83b486d5b75b75bf5a592756d143ba51963c10192b4e5586e,6283aa4874b42d939a2b00e53cce77574fa03a26f45914364ab9ca632b42c031,/Projects/jinyang/workspace/AMFplacer3.0/experiments/runs/getrf-u250-full-20260927-125004-730657/reports/getrf_routed.dcp,375618970,7a718b3e8c8cafdf538ecb0599a402ac10b8f5fb8e600c2b004a60110584a6cb,/Projects/jinyang/workspace/AMFplacer3.0/experiments/runs/getrf-u250-full-20260927-125004-730657/reports/getrf_placed.dcp,,amf=0; vivado=0,已完成完整布局布线；时序、合法性和导入验收分别记录。,/Projects/jinyang/workspace/AMFplacer3.0/experiments/runs/getrf-u250-full-20260927-125004-730657
,control,getrf-u250-full-20260927-125907-199280,incomplete,control,failed,2026-09-27T12:59:07.541059+08:00,2026-09-27T14:37:51.548389+08:00,,,,,,5924.003093095962,,,,,,5924.00733,,,,,,,0.4,,0.32000000000000006,10,,8,,,1f496daf5b4a3f122c88ac2e3b091871d546df4a,/Projects/jinyang/workspace/AMFplacer3.0/builds/build-20260927-124444-562943-a2a94a48/build/AMFPlacer,6df3ac4639cc63f83b486d5b75b75bf5a592756d143ba51963c10192b4e5586e,6283aa4874b42d939a2b00e53cce77574fa03a26f45914364ab9ca632b42c031,,,,,,amf=-6,control 导入验证的 AMF 阶段失败，256 个 PU 因时钟列搜索限制未完成打包。,/Projects/jinyang/workspace/AMFplacer3.0/experiments/runs/getrf-u250-full-20260927-125907-199280
,cluster,getrf-u250-full-20260927-125913-760094,import-only,cluster,completed,2026-09-27T12:59:14.105851+08:00,2026-09-27T14:35:27.649788+08:00,,,,,,4842.235660836101,883.5125452326611,94.549,710.088,,,5773.543937,,True,,,,,0.4,,0.32000000000000006,10,10,8,2024.2,4,1f496daf5b4a3f122c88ac2e3b091871d546df4a,/Projects/jinyang/workspace/AMFplacer3.0/builds/build-20260927-124444-562943-a2a94a48/build/AMFPlacer,6df3ac4639cc63f83b486d5b75b75bf5a592756d143ba51963c10192b4e5586e,6283aa4874b42d939a2b00e53cce77574fa03a26f45914364ab9ca632b42c031,,,,,,amf=0; vivado=0,cluster 完成 AMF 与严格导入，856998 个原 LOC/BEL 全匹配；未运行 placement/routing。,/Projects/jinyang/workspace/AMFplacer3.0/experiments/runs/getrf-u250-full-20260927-125913-760094
,control,getrf-u250-full-20260927-144536-634632,import-only,control,completed,2026-09-27T14:45:36.972818+08:00,2026-09-27T15:59:37.576383+08:00,,,,,,3652.5791758531705,749.5111906193197,76.615,612.063,,,4440.603565,,True,,,,,0.4,,0.32000000000000006,10,10,8,2024.2,4,11b37db435aa87da29dd808ae7af3501b56d248e,/Projects/jinyang/workspace/AMFplacer3.0/builds/build-20260927-144247-568663-8c570531/build/AMFPlacer,2f5991c1333b512ff177ec10318dab88939731e576ec3fb48fb1bc510a990a9b,6283aa4874b42d939a2b00e53cce77574fa03a26f45914364ab9ca632b42c031,,,,,,amf=0; vivado=0,修复跨列搜索回退后，control 完成 AMF 与严格导入；未运行 placement/routing。,/Projects/jinyang/workspace/AMFplacer3.0/experiments/runs/getrf-u250-full-20260927-144536-634632
,delay,u250-sa-ratio-calibration-20260928-005532,auxiliary,delay,completed,,2026-09-28T00:55:32.381857+08:00,,,,,,,,,,,,,,,,,,,0.4,0.71,0.71,10,,8,,,d534237b3f1b042a65f9c25721d5bb44c37254fa,/Projects/jinyang/workspace/AMFplacer3.0/builds/build-20260928-002048-349585-d534237b/build/AMFPlacer,a7da10419d550d1f0dd758f13bfd71de183d28b50877d74499763e01fcf8ef79,,,,,,,,SA 距离比例标定/归档记录，0.32→0.71；不是全流程，归档时间不代表采样总耗时。,/Projects/jinyang/workspace/AMFplacer3.0/experiments/runs/u250-sa-ratio-calibration-20260928-005532
R07,仅 SA 比例 0.71,getrf-u250-full-20260928-014049-967020,routed,delay,completed,2026-09-28T01:40:50.289211+08:00,2026-09-28T03:44:43.118788+08:00,-0.353,-2.896,26,0.019,0,3069.4059263998643,4289.892560158856,76.868,612.454,172.834,2739.122,7432.829577,1451.4676506001365,True,True,True,False,1,0.4,0.71,0.71,10,10,8,2024.2,4,d534237b3f1b042a65f9c25721d5bb44c37254fa,/Projects/jinyang/workspace/AMFplacer3.0/builds/build-20260928-002048-349585-d534237b/build/AMFPlacer,a7da10419d550d1f0dd758f13bfd71de183d28b50877d74499763e01fcf8ef79,6283aa4874b42d939a2b00e53cce77574fa03a26f45914364ab9ca632b42c031,/Projects/jinyang/workspace/AMFplacer3.0/experiments/runs/getrf-u250-full-20260928-014049-967020/reports/getrf_routed.dcp,376574414,48ec0b0fef58021b6b0c92d4ab4ca262985817b70bae0f5a0c2c2730bf675e47,/Projects/jinyang/workspace/AMFplacer3.0/experiments/runs/getrf-u250-full-20260928-014049-967020/reports/getrf_placed.dcp,,amf=0; vivado=0,已完成完整布局布线；时序、合法性和导入验收分别记录。,/Projects/jinyang/workspace/AMFplacer3.0/experiments/runs/getrf-u250-full-20260928-014049-967020
R08,共享及 SA 比例均为 0.71,getrf-u250-full-20260928-160231-470820,routed,delay,completed,2026-09-28T16:02:31.801815+08:00,2026-09-28T17:48:35.339519+08:00,0.019,0,0,0.023,0,3229.0538837737404,3059.7964704637416,78.07,612.265,173.836,1531.173,6363.537704,1429.4748202262597,True,True,True,True,1,0.71,0.71,0.71,10,10,8,2024.2,4,d534237b3f1b042a65f9c25721d5bb44c37254fa,/Projects/jinyang/workspace/AMFplacer3.0/builds/build-20260928-002048-349585-d534237b/build/AMFPlacer,a7da10419d550d1f0dd758f13bfd71de183d28b50877d74499763e01fcf8ef79,6283aa4874b42d939a2b00e53cce77574fa03a26f45914364ab9ca632b42c031,/Projects/jinyang/workspace/AMFplacer3.0/experiments/runs/getrf-u250-full-20260928-160231-470820/reports/getrf_routed.dcp,375612669,3dbb37557efbb27464ed1f7b1cdcb3a1a1027e3cda67cd4be8ea3e1532e4d526,/Projects/jinyang/workspace/AMFplacer3.0/experiments/runs/getrf-u250-full-20260928-160231-470820/reports/getrf_placed.dcp,,amf=0; vivado=0,已完成完整布局布线；时序、合法性和导入验收分别记录。,/Projects/jinyang/workspace/AMFplacer3.0/experiments/runs/getrf-u250-full-20260928-160231-470820
